<?xml version="1.0" encoding="UTF-8"?>
<project-private xmlns="http://www.netbeans.org/ns/project-private/1">
    <editor-bookmarks xmlns="http://www.netbeans.org/ns/editor-bookmarks/2" lastBookmarkId="1">
        <file>
            <url>public/js/esms.js</url>
            <bookmark id="1">
                <name/>
                <line>73</line>
                <key/>
            </bookmark>
        </file>
    </editor-bookmarks>
    <open-files xmlns="http://www.netbeans.org/ns/projectui-open-files/2">
        <group>
            <file>file:/E:/wamp/www/esms/app/routes.php</file>
            <file>file:/E:/wamp/www/esms/app/views/players/player.blade.php</file>
            <file>file:/E:/wamp/www/esms/app/views/teams/team.blade.php</file>
            <file>file:/E:/wamp/www/esms/app/controllers/TournamentController.php</file>
            <file>file:/E:/wamp/www/esms/app/controllers/TeamController.php</file>
            <file>file:/E:/wamp/www/esms/readme.md</file>
        </group>
    </open-files>
</project-private>
